Ketterman 4 - Piece Upholstered Sectional,by Three Posts™,"$1,250.00","$1,440.00",Rated 4.5 out of 5 stars,166,Free shipping,True,2023-04-11T18:25:06.379939
2 - Piece Upholstered Sectional,by Zinus,$509.99,$579.99,Rated 4 out of 5 stars,20,Free shipping,True,2023-04-11T18:25:08.694717
Zoila 3 - Piece Upholstered Sectional,by Willa Arlo™ Interiors,$549.99,,Rated 4.5 out of 5 stars,183,Free shipping,True,2023-04-11T18:25:14.923477
Anesh 4 - Piece Upholstered Sectional,by Wade Logan®,"$2,330.00","$2,440.00",,,,False,2023-04-11T18:25:21.145238
Litzie 2 - Piece Slipcovered Sectional,by Ebern Designs,$449.99,$549.99,Rated 4.5 out of 5 stars,68,Free shipping,True,2023-04-11T18:25:27.370892
Ashton-Jaxen 3 - Piece Upholstered Sectional,by Wade Logan®,$469.99,$509.99,Rated 4.5 out of 5 stars,146,Free shipping,True,2023-04-11T18:25:28.523204
Anayla 6 - Piece Upholstered Sectional,by Wade Logan®,"$2,940.00",,Rated 4.5 out of 5 stars,2,FREE Shipping,True,2023-04-11T18:25:34.719221
Anyan 2 - Piece Upholstered Sectional,by Mercury Row®,$500.00,$540.00,Rated 4 out of 5 stars,664,Free shipping,True,2023-04-11T18:25:35.876231
Minkley 3 - Piece Upholstered Sectional,by Wade Logan®,$500.00,$580.00,Rated 4 out of 5 stars,253,Free shipping,True,2023-04-11T18:25:37.033523
Aristotele 2 - Piece Upholstered Sectional,by Wade Logan®,$529.99,,Rated 4.5 out of 5 stars,97,Free shipping,True,2023-04-11T18:25:43.232606
Areebe 3 - Piece Upholstered Sectional,by Wade Logan®,$549.99,$589.99,Rated 4.5 out of 5 stars,151,Free shipping,True,2023-04-11T18:25:44.386890
Blakeley 8 - Piece Upholstered Sectional,by Wade Logan®,"$1,429.99","$2,099.99",Rated 4.5 out of 5 stars,204,Free shipping,True,2023-04-11T18:25:45.542067
Nancy 4 - Piece Vegan Leather Sectional,by Three Posts™,$700.00,$770.00,Rated 4 out of 5 stars,145,Free shipping,True,2023-04-11T18:25:46.697889
Mcclaine 8 - Piece Upholstered Sectional,by Greyleigh™,"$1,340.00",,Rated 4.5 out of 5 stars,130,Free shipping,True,2023-04-11T18:25:52.895749
Renner 2 - Piece Upholstered Sectional,by Mercury Row®,$469.99,,Rated 4 out of 5 stars,1737,Free shipping,True,2023-04-11T18:25:59.089243
"Freetown 88.5"" Wide Reversible Sleeper Sofa & Chaise",by Wade Logan®,$499.99,,Rated 4 out of 5 stars,152,Free shipping,True,2023-04-11T18:26:05.286190
Nancy 3 - Piece Upholstered Sectional,by Three Posts™,$690.00,,Rated 4 out of 5 stars,151,Free shipping,True,2023-04-11T18:26:11.494925
Anastassia 5 - Piece Upholstered Sectional,by Wade Logan®,"$2,870.00",,Rated 1 out of 5 stars,1,FREE Shipping,True,2023-04-11T18:26:17.704077
Zonia 2 - Piece Upholstered Sectional,by Willa Arlo™ Interiors,$439.99,$489.99,Rated 4 out of 5 stars,275,Free shipping,True,2023-04-11T18:26:18.866671
Antwin 3 - Piece Upholstered Sectional,by Wade Logan®,"$2,000.00",,Rated 4 out of 5 stars,3,FREE Shipping,True,2023-04-11T18:26:25.063073
Raichelle 2 - Piece Upholstered Sectional,by Ebern Designs,$329.99,$379.99,Rated 3.5 out of 5 stars,70,Free shipping,True,2023-04-11T18:26:26.224856
Abby-Gayle 2 - Piece Upholstered Sectional,by Wade Logan®,$559.99,,Rated 4 out of 5 stars,555,Free shipping,True,2023-04-11T18:26:32.424002
Gunnar 3 - Piece Upholstered Sectional,by Kitsco,$479.99,$519.00,Rated 4 out of 5 stars,2318,Free shipping,True,2023-04-11T18:26:33.563523
Roeder 6 - Piece Upholstered Sectional,by Mercury Row®,$899.99,,Rated 4.5 out of 5 stars,1276,Free shipping,True,2023-04-11T18:26:39.761155
Louden 2 - Piece Upholstered Sectional,by Red Barrel Studio®,$529.99,$569.99,Rated 4.5 out of 5 stars,1221,Free shipping,True,2023-04-11T18:26:40.907983
"Aine 118"" Wide Fabric Sectional Sleeper Sofa (Pull-Out Bed) With Storage Chaise",by Latitude Run®,"$1,419.99","$1,619.99",Rated 4.5 out of 5 stars,197,Free shipping,True,2023-04-11T18:26:42.066408
Wyrick 7 - Piece Upholstered Sectional,by Latitude Run®,"$1,259.99","$1,399.99",Rated 4.5 out of 5 stars,139,Free shipping,True,2023-04-11T18:26:43.224204
Luxe 2 - Piece Upholstered Sectional,by Home by Sean & Catherine Lowe,"$1,300.00","$1,550.00",Rated 4.5 out of 5 stars,1733,Free shipping,True,2023-04-11T18:26:44.376633
Thompson 2 - Piece Upholstered Sectional,by Latitude Run®,$969.99,"$1,179.99",Rated 4.5 out of 5 stars,42,Free shipping,True,2023-04-11T18:26:45.539363
3 - Piece Vegan Leather Sectional,by Lifestyle Furniture,$520.00,$690.00,Rated 4.5 out of 5 stars,14,Free shipping,True,2023-04-11T18:26:46.688401
Logan 2 - Piece Upholstered Sectional,by Latitude Run®,"$1,049.99","$1,259.99",Rated 4 out of 5 stars,30,Free shipping,True,2023-04-11T18:26:47.834278
Wylodene 9 - Piece Upholstered Sectional,by Ebern Designs,"$1,949.99","$2,699.99",Rated 5 out of 5 stars,52,FREE Shipping,True,2023-04-11T18:26:48.953442
3 - Piece Upholstered Sectional,by Latitude Run®,$689.99,,Rated 4.5 out of 5 stars,288,Free shipping,True,2023-04-11T18:26:55.143359
2 - Piece Upholstered Sectional,by Lifestyle Furniture,$520.00,$729.99,Rated 4 out of 5 stars,18,Free shipping,True,2023-04-11T18:26:56.284294
"Darlyene 79"" Wide Reversible Sofa & Chaise with Ottoman",by Ebern Designs,$429.99,$469.99,Rated 4 out of 5 stars,68,Free shipping,True,2023-04-11T18:26:57.441784
Redwater 6 - Piece Upholstered Sectional,by Latitude Run®,"$1,359.99",,Rated 4.5 out of 5 stars,86,Free shipping,True,2023-04-11T18:27:03.636317
"90"" Wide Right Hand Facing Sofa & Chaise",by Wade Logan®,$899.99,"$1,059.99",Rated 5 out of 5 stars,91,Free shipping,True,2023-04-11T18:27:04.779963
Upholstered Sectional,by ZTOZZ,$729.99,"$1,079.99",Rated 4 out of 5 stars,25,Free shipping,True,2023-04-11T18:27:05.934476
6 - Piece Upholstered Sectional,by Andes Furniture,"$1,319.99",,Rated 4.5 out of 5 stars,341,Free shipping,True,2023-04-11T18:27:12.129715
3 - Piece Upholstered Sectional,by ZTOZZ,"$1,879.99","$2,059.99",Rated 4.5 out of 5 stars,3,Free shipping,True,2023-04-11T18:27:13.287007
Benn 3 - Piece Upholstered Sectional,by Wade Logan®,$729.99,$834.54,Rated 3.5 out of 5 stars,76,Free shipping,True,2023-04-11T18:27:14.448356
"Nina 97"" Wide Faux Leather Left Hand Facing Sofa & Chaise with Ottoman",by Red Barrel Studio®,$590.00,$649.99,Rated 4.5 out of 5 stars,91,Free shipping,True,2023-04-11T18:27:15.602506
Avryn 3 - Piece Upholstered Sectional,by Ebern Designs,$789.99,$869.99,Rated 4.5 out of 5 stars,18,Free shipping,True,2023-04-11T18:27:16.751509
Burman 2 - Piece Upholstered Sectional,by Andover Mills™,$589.99,$689.99,Rated 4 out of 5 stars,442,Free shipping,True,2023-04-11T18:27:17.903226
9 - Piece U Shaped Corner Upholstered Sectional,by Latitude Run®,"$2,200.00","$2,500.00",Rated 4.5 out of 5 stars,247,Free shipping,True,2023-04-11T18:27:19.060237
Aristedes 6 - Piece Upholstered Sectional,by Wade Logan®,"$2,359.99",,Rated 5 out of 5 stars,9,Free shipping,True,2023-04-11T18:27:25.256859
8 - Piece Oversized Modular Upholstered Sectional,by Latitude Run®,"$2,000.00","$2,300.00",Rated 4.5 out of 5 stars,254,Free shipping,True,2023-04-11T18:27:26.409116
6 - Piece Upholstered Sectional,by Latitude Run®,"$1,269.99","$1,859.99",Rated 4.5 out of 5 stars,37,Free shipping,True,2023-04-11T18:27:27.559379
